kampong,price,type,tenure,status,storeys,plot_area,floor_area,beds,baths,listing
Kg. Bengkurong,160000,Semi-Detached,Leasehold,New,NA,0.075,1300,3,2,"ğŸ ğŸ’š **Stunning Semi-Detached Home for Sale! ğŸŒ´**

Are you ready to find your dream home in the heart of Brunei? Look no further! We have an incredible semi-detached house available for sale, perfectly suited for families or investors alike.

Located in a prime kampong, this beautiful property boasts a spacious floor area of 1300 sq. ft., perfect for entertaining and relaxation. With 3 bedrooms and 2 bathrooms, there's ample space for all your loved ones to spread out.

This charming home is priced at BND 160,000 and comes with a plot area of 0.075 acres, offering plenty of room for outdoor activities and entertainment. As a leasehold property, you'll enjoy flexibility and affordability without sacrificing on quality.

Don't miss out on this amazing opportunity! Contact us today to schedule a viewing and make your dream home a reality ğŸ‰"
Kg. Pangkalan Batu,250000,Detached,NA,NA,NA,0.085,2937,4,4,"ğŸ ğŸ’• **Seize Your Dream Home at Kg. Pangkalan Batu!**

Are you looking for a spacious and comfortable home in the heart of Kg. Pangkalan Batu? Look no further! We have an amazing 4 bedroom, 4 bathroom detached house available for sale.

This beautiful property boasts a total floor area of 2937 square feet, situated on a plot area of approximately 0.085 acres. The current price is BND 250,000, an unbeatable deal for those seeking a peaceful retreat in the midst of urban living.

Features:

- 4 spacious bedrooms
- 4 modern bathrooms
- Total floor area: 2937 sqft
- Plot area: 0.085 ha
- Prime location at Kg. Pangkalan Batu

Don't miss out on this incredible opportunity! Contact us today to schedule a viewing and make this house your dream home! ğŸ“²ğŸ’¬"
Kg. Kilanas,480000,Detached,NA,Under Construction,NA,0.15,3929,4,3,"""ğŸŒ´ Your Dream Home Awaits in Kg. Kilanas! ğŸ 

Escape to a tranquil retreat in this beautiful detached property under construction, located in the heart of Kg. Kilanas! ğŸ’š

* Price: BND 480,000 (negotiable)
* Plot Area: 0.15 acres
* Floor Area: 3929 sqft
* Number of Bedrooms: 4
* Number of Bathrooms: 3

Enjoy a serene and peaceful living experience in this stunning property! ğŸŒ» Don't miss out on the opportunity to own a piece of paradise in Brunei. Contact us today to schedule a viewing! ğŸ“²"""
Kg. Kilanas,230000,Terrace,Freehold,Under Construction,NA,0.04,2170,4,3,"ğŸŒ´ğŸ  Exciting Opportunity in Kg. Kilanas!

Are you ready to own a slice of paradise? ğŸ¤© We have an incredible Terrace house available for sale in Kg. Kilanas! ğŸ’¥

This stunning 4 bedroom, 3 bathroom home boasts a spacious floor area of 2170 sqft and is situated on a beautiful plot of 0.04 acres.

As a Freehold property, you can enjoy complete ownership and control over your dream home. Currently under construction, this house is ready to be finished to perfection! ğŸ—ï¸

Don't miss out on this amazing opportunity to make Kg. Kilanas your home sweet home! ğŸ’•

Price: BND 230,000

Contact us today to schedule a viewing! ğŸ“²ğŸ‘‹"
Kg. Mentiri,348000,Detached,NA,Under Construction,NA,0.109,3005,5,4,"ğŸ  NEW LISTING ALERT! ğŸ 

Introducing a stunning Detached house in Kg. Mentiri, perfect for those looking for a spacious and cozy home!

Price: BND 348,000

Features:

â€¢ 5 bedrooms for the whole family to enjoy
â€¢ 4 bathrooms for ultimate comfort
â€¢ Floor area of 3005 sq ft for endless possibilities!
â€¢ Plot area of 0.109 acres (yes, you can have your own private garden!)
â€¢ Currently under construction, so get ready for a move-in-ready home!

Don't miss out on this amazing opportunity to own a piece of paradise in Brunei! Contact us today to schedule a viewing ğŸ“²"
Kg. Katok,359000,Detached,NA,NA,NA,0.1,2873,5,4,"ğŸ ğŸ‘‹ ğŸŒ´ Kg. Katok House for Sale!

Experience the perfect blend of comfort and serenity in this stunning 5-bedroom, 4-bathroom detached home! ğŸ¡

Located in a serene kampong setting, this beautiful property boasts a spacious floor area of 2873 square feet on a plot area of 0.1 acres.

With its NA tenure status, you can enjoy freedom to plan your dream life without any constraints. The current status is also NA, giving you the flexibility to customize and enhance the property as per your preferences.

This fantastic property is priced at BND 359,000, making it an unbeatable value in the market. Don't miss out on this incredible opportunity to own a piece of paradise! ğŸŒ´

Contact us now to schedule a viewing! ğŸ“²ğŸ‘‰"
Kg. Subok Kota Batu,250000,Semi-Detached,Freehold,New,2,0.067,2174,3,2,"ğŸ ğŸŒ´ Dream Home in Kg. Subok Kota Batu! ğŸŒ´ğŸ 

Are you looking for a perfect blend of comfort and convenience? Look no further! Our stunning Semi-Detached house in Kg. Subok Kota Batu is waiting for its new owners.

With a price tag of BND 250,000, this beautiful property offers:

- 3 spacious bedrooms with 2 bathrooms
- A spacious floor area of 2174 sqft
- Located on a plot area of 0.067 acres in a prime location
- Freehold tenure for long-term ownership
- New status, perfect for first-time buyers or investors!

Don't miss out on this amazing opportunity! Contact us today to schedule a viewing and make your dream home a reality ğŸ“²ğŸ "
Kg. Lumut,400000,NA,Freehold,New,NA,0.33,1989,4,3,"ğŸŒ´ğŸ  Luxury Living in Kg. Lumut!

Are you ready to own a piece of paradise? ğŸŒº This stunning freehold property is now available for sale in Kg. Lumut, one of Brunei's most sought-after locations.

ğŸ’¸ Price: 4,000,000 BND

ğŸ  Type: NA (we can't reveal the full story yet!) ğŸ˜‰ But we can tell you it's a beauty!

ğŸŒ³ Plot Area: 0.33 acres - plenty of space to breathe and relax.

ğŸš¨ Status: New! This property has been recently renovated to perfection, with modern touches and sleek finishes throughout.

ğŸ›ï¸ Beds & Baths: 4 bedrooms and 3 bathrooms - the perfect setup for families or those who love hosting friends!

ğŸ’¸ Price: 4,000,000 BND (negotiable)

Don't miss out on this incredible opportunity! Contact us today to schedule a viewing. ğŸ“²"
Kg. Kilanas,310000,Detached,NA,New,NA,0.093,2600,4,3,"ğŸŒ´ğŸ  Stunning Detached Home in Kg. Kilanas!

Looking for a peaceful retreat in Brunei? Look no further! This beautiful 4-bedroom, 3-bathroom detached home is now available for sale.

Located in the heart of Kg. Kilanas, this property boasts a spacious floor area of 2600 sqft and a plot area of 0.093 acres. With its serene atmosphere and natural surroundings, it's the perfect haven for those seeking a tranquil lifestyle.

The current price is BND310,000, making it an affordable option for first-time buyers or investors looking to expand their portfolio.

Don't miss out on this fantastic opportunity! Contact us today to schedule a viewing and make this stunning home yours. ğŸ“²ğŸ "
Kg. Subok Kota Batu,260000,NA,Freehold,New,NA,0.146,1800,3,2,"""âœ¨ï¸ Charming 3 Bedroom Home in Kg. Subok Kota Batu! ğŸ 

ğŸ’° Price: BND 260,000
ğŸšª Freehold Property
ğŸ’¡ New Development
ğŸŒ³ 0.146 plot area with a spacious floor area of 1800 sqft
ğŸ½ï¸ Perfect for small families or those looking for a cozy retreat!

This beautiful property is located in the heart of Kg. Subok Kota Batu, offering a tranquil and serene living experience. With three comfortable bedrooms and two bathrooms, it's perfect for a family of four or a couple looking to downsize.

Don't miss out on this fantastic opportunity! Contact us today to schedule a viewing and make this house your dream home!"""
Kg. Bengkurong,330000,Detached,NA,Proposed,2,0.139,2600,5,4,"ğŸŒ´ Stunning Detached Home for Sale in Kg. Bengkurong! ğŸ 

Are you looking for a spacious and cozy home in a desirable kampong? Look no further! We have an incredible opportunity to purchase this beautifully maintained detached property in Kg. Bengkurong.

Price: BND 330,000

This fantastic property boasts:

â€¢ 4 bedrooms and 2 bathrooms
â€¢ A total floor area of 2600 sqft
â€¢ Situated on a plot area of 0.139 acres
â€¢ Perfect for a family or individual looking for a peaceful retreat

Don't miss out on this amazing chance to own a piece of paradise in Brunei! Contact us today to schedule a viewing.

Status: Proposed, but ready for move-in ğŸ‰"
Kg. Subok Kota Batu,425000,Detached,Freehold,New,NA,0.14,3406,4,3,"ğŸ ï¸ï¸ğŸ’š NEW HAVEN IN KAMPUNG SUBOK KOTA BATU! ğŸŒ´ï¸ï¸

Step into the ultimate Bruneian living experience in this stunning detached home! With a price tag of BND 425,000, you'll be spoilt for choice amidst lush greenery and serenity.

This FREEHOLD gem boasts a spacious floor area of 3,406 sqft, perfect for creating your dream haven. Enjoy the comfort of 4 bedrooms and 3 bathrooms, each equipped with its own unique charm.

Take a stroll around this 0.14-acre plot of land and discover an oasis waiting to be yours! ğŸŒ³ï¸

Don't miss out on this incredible opportunity to own a piece of paradise in Kg Subok Kota Batu. Contact us today to schedule a viewing! ğŸ’¬"
Kg. Bengkurong,279000,Detached,Freehold,NA,2,0.5,2700,5,4,"ğŸ ğŸ’• Beautiful Detached Home for Sale in Kg Bengkurong! ğŸŒ´

Are you looking for a peaceful retreat in the heart of Brunei? Look no further! This stunning detached home is now available for sale at an unbeatable price of BND 279,000.

Located in the serene Kg Bengkurong, this property boasts a total floor area of 2700 sqft and features 5 spacious bedrooms and 4 bathrooms. Enjoy the perfect blend of comfort and freedom in this beautifully maintained freehold property.

Plot Area: 0.5 acres
Status: For Sale

Don't miss out on this incredible opportunity to own your dream home! Contact us today to schedule a viewing and make it yours. ğŸ“²ğŸ’¬"
Kg. Kulapis,259000,Detached,Freehold,Under Construction,NA,0.145,2500,4,3,"ğŸŒ´ğŸ  **Dream Home Alert!** ğŸ ğŸŒ´

Escape to a serene abode in Kg. Kulapis, Brunei's most sought-after neighborhood!

Experience the perfect blend of luxury and serenity in this 4-bedroom, 3-bathroom detached home, now available for sale at BND 259,000.

Plot Area: 0.145 acres
Floor Area: 2500 sqft

Located in a prime area, this property offers ample space to live, entertain, or simply relax.

Don't miss out on this incredible opportunity! Contact us today to schedule a viewing and make your dream home a reality ğŸ“²ğŸ "
Kg. Mulaut,328000,Semi-Detached,Freehold,New,NA,0.098,2551,4,4,"ğŸ ğŸŒ´ ğŸš¨ NEW LISTING ALERT! ğŸ’¥

Are you looking for your dream home in a beautiful kampong setting? Look no further! We have an amazing Semi-Detached house for sale in Kg. Mulaut, Brunei!

ğŸ¡ With 4 spacious bedrooms and 4 modern bathrooms, this house is perfect for families or individuals seeking comfort and relaxation. The open-plan living area is ideal for entertaining guests, while the kitchen is equipped with all the necessary appliances.

ğŸ’¦ Don't forget to enjoy the beautiful outdoor space, complete with a plot area of 0.098 acres! Imagine spending your sunny afternoons lounging in the garden or hosting barbecues with friends and family.

ğŸ“ˆ This FREEHOLD property offers the perfect blend of freedom and security, allowing you to own your home without any worries.

ğŸ’¸ Price: BND328,000

ğŸ”’ Status: NEW - Make it your dream home today!

Contact us to schedule a viewing and make this house yours! ğŸ“²"
Kg. Pangkalan Gadong,450000,Detached,NA,Under Construction,NA,0.12,2590,4,3,"ğŸŒ´ ğŸ  Exciting Opportunity in Kg. Pangkalan Gadong! ğŸ  ğŸŒ´

Are you looking for a dream home in Brunei? Look no further! We have an incredible opportunity for you in Kg. Pangkalan Gadong, with a price tag of BND 450,000!

This stunning detached property boasts a spacious floor area of 2,590 sqft and comes with 4 bedrooms and 3 bathrooms. With its vast plot area of 0.12 acres, you'll have plenty of room to park your car and enjoy the outdoors.

Currently under construction, this property is sure to be a showstopper in the community. Don't miss out on this amazing chance to own a piece of paradise!

Contact us today to schedule a viewing and make this house your home! ğŸ“² 08523456789"
Kg. Sungai Hanching,335000,Detached,NA,Under Construction,NA,0.087,2642,4,5,"ğŸŒ´ **LUXURY DETACHED HOME IN KAMPONG SINGAI HANCHING**

Escape to a tranquil retreat in Kg. Sungai Hanching, where natural beauty meets modern convenience! ğŸŒ³

This stunning detached home is currently under construction and promises to be a masterpiece of Bruneian architecture.

With 2642 sqft of floor area, this spacious abode will provide ample space for you to relax and entertain. Enjoy 5 luxurious bathrooms and 4 bedrooms, perfect for families or individuals seeking a serene getaway.

Enjoy the peaceful surroundings of Kg. Sungai Hanching, with its picturesque views of the surrounding kampong. The plot area is 0.087 acres, providing plenty of room for outdoor activities or simply enjoying nature's serenity.

Don't miss out on this incredible opportunity to own a piece of paradise! ğŸŒ´

**Price: BND 335,000**

Contact us today to schedule a viewing and make this home yours! â˜•ï¸"
Kg. Menglait,485000,NA,Freehold,New,NA,0.186,3176,4,4,"ğŸŒ´ Stunning Freehold Home in Kg. Menglait! ğŸŒ´

Experience the best of Bruneian living in this beautiful 4-bedroom, 4-bathroom freehold home! ğŸ  Perfect for those seeking a tranquil retreat or an investment opportunity, this property offers a spacious floor area of 3176 sqft and a generous plot size of 0.186 acres.

Enjoy the comforts of modern living in this new built home, complete with [insert any other available features or amenities]. ğŸ’¡

Don't miss out on this incredible deal! Available for BND 485,000. Contact us today to schedule a viewing! ğŸ“²"
Kg. Lumapas,350000,Detached,NA,Under Construction,NA,0.199,3300,5,5,"ğŸŒ´ğŸ  Exciting Opportunity in Kg. Lumapas! ğŸ ğŸŒ´

Are you looking for a luxurious retreat in the heart of Brunei? Look no further! We present to you this stunning detached house in Kg. Lumapas, currently priced at BND 350,000.

This beautiful property boasts an impressive floor area of 3,300 sqft and features 5 spacious bedrooms and 5 elegant bathrooms. The plot area is a generous 0.199 acres, perfect for those who want to enjoy the outdoors while still having ample space for their family and friends.

Currently under construction, this property is set to be completed soon and will be ready for occupancy in no time. Don't miss out on this amazing opportunity to own a piece of paradise in Brunei!

Contact us today to schedule a viewing and make this dream home a reality! ğŸ“²ğŸ "
Kg. Lumapas,238000,Detached,Freehold,Under Construction,NA,0.12,2079,4,3,"ğŸ ğŸŒ´ **Escape to Serenity in Kg. Lumapas!** ğŸŒ´ğŸ 

Are you looking for a tranquil retreat amidst the heart of Brunei? Look no further! We present to you this stunning Detached Freehold property in Kg. Lumapas, available for BND 238,000.

This beautiful home boasts a spacious floor area of 2079 sqft, perfect for relaxing and entertaining. With 4 bedrooms and 3 bathrooms, it's ideal for families or individuals seeking a peaceful haven. The plot area of 0.12 acres offers ample space for outdoor activities and a private escape from the world.

Currently under construction, this property is set to be completed soon, giving you a chance to make it your dream home. Don't miss out on this incredible opportunity!

Contact us today to schedule a viewing and make Kg. Lumapas your haven! ğŸ“² 07777777"
Kg. Mata-Mata,360000,Detached,NA,New,NA,0.078,2849,4,4,"ğŸ ğŸ‘ ""Escape to Serenity in Kg. Mata-Mata! ğŸŒ³

Welcome to this stunning detached property, nestled in the heart of Kg. Mata-Mata! ğŸ  This beautiful home boasts 2849 sqft of floor area and a generous plot size of 0.078 acres, perfect for those seeking a tranquil retreat.

Enjoy 4 spacious bedrooms and 4 modern bathrooms, ideal for families or individuals alike. The property is currently available at BND 360,000, a steal in this picturesque location!

Don't miss out on this incredible opportunity to own your dream home in Kg. Mata-Mata! Contact us today to schedule a viewing! ğŸ“²"""
Kg. Sengkarai,268000,Detached,Freehold,Under Construction,NA,0.1,2500,4,3,"ğŸ  Exciting Opportunity in Kg. Sengkarai! ğŸ 

We have an exclusive property available for sale in the sought-after Kg. Sengkarai area!

This stunning detached freehold home is currently under construction and promises to be a gem in this growing neighborhood.

With 4 spacious bedrooms and 3 modern bathrooms, this property offers ample space for family living or as an investment opportunity.

Situated on a beautiful plot of 0.1 acres, you'll enjoy a tranquil oasis amidst the bustling city life.

Don't miss out on this fantastic chance to own a piece of paradise! Contact us today to schedule a viewing!

Price: BND 268,000"
Kg. Jerudong,430000,Detached,NA,Under Construction,NA,0.136,2963,5,5,"ğŸ ğŸŒ´ **EXCITING NEW HOMES ALERT! ğŸ¤©**

Are you ready to own a piece of paradise? ğŸŒº We have an incredible new development in Kg. Jerudong, Brunei that you won't want to miss!

This stunning 5-bedroom, 5-bathroom detached house is currently under construction and is expected to be completed soon. With a plot area of 0.136 acres, this spacious property offers ample room for relaxation and entertainment.

Featuring an impressive floor area of 2963 square feet, you'll have everything you need for a comfortable living space. Enjoy the beautiful Bruneian weather in your own private haven!

**Key Features:**

- 5 bedrooms
- 5 bathrooms
- Detached property
- Under construction
- Currently priced at BND 430,000

Don't miss out on this amazing opportunity to own a piece of Brunei's finest real estate. Contact us today for more information and to schedule a viewing! ğŸ“²"
Kg. Mulaut,230000,Detached,Freehold,Under Construction,NA,0.088,2100,4,3,"ğŸ  Exciting Opportunity in Kg. Mulaut! ğŸŒ´

We have an incredible deal for you! This beautiful Detached property is now available for sale in Kg. Mulaut, and it's a must-see for anyone looking for a stunning home.

With 4 spacious bedrooms and 3 bathrooms, this house has everything you need to live comfortably. The plot area of 0.088 acres offers plenty of space for outdoor activities, while the floor area of 2100 square feet provides ample room for living, cooking, and entertaining.

Located in a prime location, this property is perfect for those looking to own a piece of paradise in Kg. Mulaut. Don't miss out on this amazing opportunity to make your dream home a reality!

Price: BND 230,000

Contact us today to schedule a viewing and take advantage of this incredible deal! ğŸ“²"
Kg. Salambigar,390000,Detached,Freehold,Resale,NA,0.136,2500,5,4,"ğŸŒ´ ğŸ  **Escape to Serenity!**

**Kg. Salambigar Detached Freehold**

Experience the epitome of Bruneian living in this stunning 5-bedroom, 4-bathroom freehold property!

Located on a tranquil plot area of 0.136 acres, this spacious home offers an abundance of natural light and breathtaking views (subject to plot layout). The beautifully designed interior boasts ample floor space for relaxation and entertainment.

The perfect blend of comfort and style, this residence is waiting for you to make it your dream home. Don't miss out on this incredible opportunity!

**Key Features:**

- 5 spacious bedrooms
- 4 elegant bathrooms
- 2500 sqft floor area
- Plot area: 0.136 acres
- Detached property
- Freehold tenure
- Resale status

**Asking Price:** BND 390,000"
Kg. Mata-Mata,350000,Detached,Freehold,Proposed,2,0.11,2021,5,3,"ğŸŒ´ğŸ  **Dream Home Alert! ğŸ ğŸŒ´**

Introducing a stunning 5-bedroom, 3-bathroom detached home in Kg. Mata-Mata!

Enjoy the perfect blend of freedom and security with this FREEHOLD property.

This spacious home boasts:

â€¢ 5 comfortable bedrooms for the whole family
â€¢ 3 modern bathrooms to keep you refreshed
â€¢ A beautiful plot area of 0.11 acres, perfect for a tranquil retreat
â€¢ Floor area of 2021 sqft, ideal for entertaining and relaxation

Don't miss out on this amazing opportunity! Contact us now to schedule a viewing!

**Price:** BND 350,000"
Kg. Kilanas,210000,Terrace,NA,Under Construction,NA,0.04,2100,4,4,"ğŸŒ´ğŸ’° Exciting Development Opportunity in Kg. Kilanas!

Are you looking for a new home in Brunei? We've got an amazing opportunity for you! ğŸ¤©

We present to you a stunning 4-bedroom, 4-bathroom terrace house located in the heart of Kg. Kilanas. With a total floor area of 2100 sqft and a spacious plot area of 0.04 acres, this property is perfect for those looking for a comfortable and quiet living space.

Currently under construction, this beautiful home is set to be completed soon and will feature all modern amenities. Don't miss out on this chance to own a piece of paradise in Brunei! ğŸ’•

Price: BND 210,000

Contact us now to schedule a viewing and make this dream a reality! ğŸ“²ğŸ "
Kg. Mentiri,288000,Detached,NA,Under Construction,NA,0.106,2410,3,4,"ğŸ ğŸŒ´ **Dream Home Alert!** ğŸŒ´ğŸ 

Ready to own your slice of paradise? ğŸ˜ Look no further! We have an incredible opportunity for you in Kg. Mentiri, Brunei's premier residential area.

This stunning 3-bedroom, 4-bathroom detached house is priced at BND 288,000 and offers a total floor area of 2,410 square feet on a beautiful plot of 0.106 acres. With its spacious interiors, perfect for relaxing and entertaining, this property has everything you need to live comfortably.

Under construction and still available, don't miss out on this fantastic chance to own your dream home! Contact us today to schedule a viewing. ğŸ“²ğŸ "
Kg. Pelambaian,688000,Detached,Freehold,Under Construction,NA,0.226,3848,4,5,"ğŸ ğŸ’¥ Exciting Opportunity in Kg. Pelambaian! ğŸ’¥ğŸ 

Are you ready to find your dream home? Look no further! We have an amazing Detached property for sale in Kg. Pelambaian, with a price tag of BND 688,000.

This stunning Freehold property is currently Under Construction and boasts an impressive floor area of 3848 sq ft. With 4 spacious bedrooms and 5 modern bathrooms, you'll have all the space you need to live life to the fullest.

The plot area is a generous 0.226 acres, offering ample room for your family and guests to enjoy. And with its beautiful location in Kg. Pelambaian, you'll be just minutes from everything you need.

Don't miss out on this incredible opportunity! Contact us today to schedule a viewing and make this property yours. ğŸ“²ğŸ’¬"
Kg. Sungai Tilong,260000,Terrace,Leasehold,Under Construction,NA,0.052,2581,4,3,"ğŸŒ´ï¸ **Dream Home in the Making! ğŸ **

Are you ready to own a piece of paradise? Look no further! We have an incredible opportunity for you to be one of the first residents of Kg. Sungai Tilong, Brunei's latest and most sought-after address!

This beautiful 4-bedroom, 3-bathroom Terrace house is nestled on a stunning 0.052-acre plot, perfect for those who want to experience the best of Bruneian living. With a spacious floor area of 2581 sqft, you'll have plenty of room to entertain and relax.

Leasehold property with Under Construction status - the perfect opportunity to put your own stamp on this beautiful home!

Don't miss out on this amazing chance to be part of a vibrant community that's still growing and developing. Contact us today to schedule a viewing and make this house yours! ğŸ’•

**Price: BND 260,000**

**Location:** Kg. Sungai Tilong"
Kg. Limau Manis,198000,Detached,Freehold,Proposed,NA,0.123,1600,4,3,"ğŸ ğŸ’¥ Exciting Opportunity in Kg. Limau Manis! ğŸŒ´

Are you looking for a spacious and comfortable home? Look no further! We have an amazing 4-bedroom, 3-bathroom detached property for sale in Kg. Limau Manis.

This stunning freehold property boasts a total floor area of 1600 square feet, nestled on a beautiful plot of 0.123 acres. Enjoy the tranquil atmosphere and picturesque surroundings of this proposed residential area.

With its modern infrastructure and convenient location, this home is perfect for families or individuals seeking a serene retreat from the hustle and bustle of city life. Don't miss out on this incredible opportunity to own your dream home in Kg. Limau Manis!

Price: BND 198,000

Contact us today to schedule a viewing and make this amazing property yours! ğŸ“² 77-333111"
Kg. Subok Kota Batu,420000,Detached,NA,Under Construction,NA,0.147,4000,4,4,"ğŸ ğŸ’š

**Dream Home in Kg. Subok Kota Batu - Your Paradise Awaits!**

Are you looking for a dream home with plenty of space and comfort? Look no further! We have an amazing opportunity to buy this stunning detached house in Kg. Subok Kota Batu.

Located on a 0.147 plot area, this beautiful property boasts a spacious floor area of 4000 sq ft, making it perfect for large families or those who love entertaining. The 4 bedroom and 4 bathroom layout offers ample space for relaxation and enjoyment.

Currently under construction, this project is expected to be completed soon, giving you the chance to own a piece of paradise before it's too late!

Don't miss out on this incredible deal! Contact us today to schedule a viewing and make your dream home a reality. ğŸ’•"
Kg. Subok Kota Batu,630000,Detached,NA,Under Construction,NA,0.176,4000,4,5,"ğŸŒ´ Luxury Living in Kg. Subok Kota Batu - Your Dream Home Awaits! ğŸ 

Are you ready to experience the ultimate in Bruneian living? Look no further than this stunning 4-bedroom, 5-bathroom detached residence in Kg. Subok Kota Batu!

Currently under construction, this luxurious property boasts an impressive plot area of 0.176 acres and a spacious floor area of 4000 sq ft. With a price tag of BND 630,000, it's an investment like no other.

Perfect for families or individuals seeking a tranquil retreat, this beautiful home offers plenty of space to unwind and enjoy the simple things in life. Whether you're looking to relax on your spacious balcony or entertain friends on your expansive lawn, this property has it all.

Don't miss out on this incredible opportunity to own a piece of Bruneian paradise! Contact us today to schedule a viewing and make your dream home a reality. ğŸ“²

Price: BND 630,000"
Kg. Jangsak,245000,Semi-Detached,Freehold,NA,NA,0.048,2427,4,3,"ğŸ âœ¨ **Luxurious Semi-Detached Haven in Kg. Jangsak!** ğŸŒ´

Escape to the tranquility of Kg. Jangsak with this stunning semi-detached home, offering 4 spacious bedrooms and 3 elegant bathrooms! 

With a beautiful floor area of 2427 sqft and a plot size of 0.048 acres, you'll have ample space to relax and unwind in your private oasis.

This freehold property boasts a price tag of BND245,000, making it an unbeatable deal for those seeking a comfortable and stylish home in the heart of Brunei's charming kampong life.

Don't miss out on this incredible opportunity! Contact us today to schedule a viewing. ğŸ“²ğŸ’¬"
Kg. Bengkurong,300000,Detached,Freehold,Under Construction,NA,0.147,1600,3,3,"ğŸ ğŸ˜Š

**Dream Home Alert! ğŸš¨**

Are you ready to own a piece of paradise? Look no further than this stunning detached property in Kg. Bengkurong!

ğŸ’° Price: 3,000,000 BND (Under Construction)

This beautiful freehold property is perfect for those looking to put their mark on a dream home. With a spacious floor area of 1,600 sqft and 3 generous bedrooms, you'll have all the space you need to live, work, or play.

ğŸï¸ Plot Area: 0.147 acres

ğŸ›‹ï¸ Beds: 3
ğŸš½ Baths: 3

Don't miss out on this incredible opportunity! Contact us today to schedule a viewing and make this house your home. ğŸ“²"
Kg. Pasai,398000,Detached,NA,Under Construction,NA,0.15,3353,5,5,"ğŸ ğŸŒ´ EXCITING OPPORTUNITY! ğŸŒ´ğŸ 

Are you ready to own a piece of paradise? Look no further than this stunning Detached property in Kg. Pasai! ğŸ¤©

For sale at BND398,000, this Under Construction dream is waiting for its new owner. With 5 spacious bedrooms and 5 modern bathrooms, there's ample space for your family to grow and thrive.

Enjoy the beautiful surroundings of Kg. Pasai, with its own plot area of 0.15 acres, offering a private oasis in the heart of the city. ğŸŒ³

Don't miss out on this incredible opportunity! Contact us today to schedule a viewing. ğŸ’¬"
Kg. Kilanas,270000,Terrace,Freehold,Under Construction,NA,0.079,2963,5,3,"ğŸ ğŸŒ´ ğŸ‰ Exciting Opportunity in Kg. Kilanas! ğŸ‰ğŸŒ´

Are you ready to make a statement with your new home? Look no further! This stunning property in Kg. Kilanas is now available for purchase!

Located on a beautiful 0.079 acres plot, this FREEHOLD terrace house boasts an impressive floor area of 2963 sqft and comes with 5 spacious bedrooms and 3 stylish bathrooms.

Don't miss out on this incredible chance to own a piece of paradise! With a price tag of BND 270,000, this property is an unbeatable value for anyone looking to invest in the future.

Contact me today to schedule a viewing and make your dream home a reality!

ğŸ“² Phone: [insert phone number]
ğŸ“§ Email: [insert email]

Hurry! Don't miss out on this amazing opportunity! ğŸ•’"
Kg. Beribi,380000,NA,Freehold,New,NA,0.15,2500,3,3,"ğŸŒ´ğŸ  **Stunning Kg. Beribi Home for Sale! ğŸ ğŸŒ´**

ğŸ’° Price: BND 380,000 ğŸ’¸

ğŸ“¦ **Location:** [Kg. Beribi], a desirable kampong in Brunei

ğŸ¡ **Type of Property:** Freehold property with ample space to grow

ğŸ¤ **Tenure:** Enjoy the freedom of owning your dream home without any restrictions

ğŸ‰ **New Property!** This brand new property is perfect for those looking to invest in their future or start a family

ğŸ’• **Lifestyle:** Live in a peaceful kampong setting with easy access to amenities and services

ğŸ  **Features:**

- 3 spacious bedrooms
- 3 modern bathrooms
- Floor area of 2500 sqft
- Plot area of 0.15 acres
- Perfect for those seeking a relaxing lifestyle or a home to start a family

ğŸ“† **Viewings:** Contact us today to schedule a viewing and make this property yours!

Call/Text: [Your Phone Number]
Email: [Your Email]

Don't miss out on this amazing opportunity! ğŸ’¥"
Kg. Katimahar,399000,Detached,Freehold,New,NA,0.25,3800,5,5,"ğŸ ğŸŒ´ Stunning Detached Home in Kg. Katimahar! ğŸŒ´ğŸ 

Discover your dream home in this beautiful 5 bedroom, 5 bathroom detached property located in the heart of Kg. Katimahar. With a total floor area of 3800 sqft, this house offers ample space for relaxation and entertainment.

Featuring a spacious plot area of 0.25 acres, you'll have plenty of room to park your car and enjoy outdoor activities. The tenure is Freehold, giving you peace of mind knowing that the property is yours to own for generations to come.

This newly built home is priced at BND 399,000 and is available for immediate purchase. Don't miss out on this incredible opportunity to own a piece of paradise in Kg. Katimahar! Contact us today to schedule a viewing. ğŸ“²ğŸ’¬"
Kg. Keriam,215000,Detached,Freehold,NA,2,0.121,2000,4,4,"ğŸ ğŸŒ´ Stunning Detached Home for Sale in Kg. Keriam!

ğŸ‰ Are you looking for a spacious and comfortable home in a beautiful kampong setting? Look no further! This fantastic 4-bedroom, 4-bathroom detached house is now available for sale.

â¤ï¸ Key Features:

- Freehold tenure for long-term investment
- Plush floor area of 2000 sqft
- Beautiful plot area of 0.121 acres
- Perfect blend of modern amenities and traditional kampong charm

ğŸƒâ€â™‚ï¸ Perfect for families, individuals, or investors looking to own a piece of Brunei's countryside.

ğŸ’¸ Price: BND 215,000

Don't miss out on this amazing opportunity! Contact us today to schedule a viewing. ğŸ“² 0777777777"
Kg. Sungai Tilong,450000,NA,NA,New,NA,0.166,2856,5,4,"ğŸŒ´ğŸ’š ğŸŒŠ

STUNNING NEW HOME FOR SALE IN KG. SONGAI TILONG!

Get ready to live your dream in this gorgeous new home for sale! ğŸ‰ Located in the beautiful Kampong Sungai Tilong, this property boasts an impressive 0.166 acres of plot area and a spacious floor area of 2856 sqft.

This stylish abode features 5 bedrooms and 4 bathrooms, perfect for growing families or roommates who want their own space! ğŸ ğŸ‘« The best part? It's priced to sell at just BND 450,000, making it an unbeatable value in this sought-after kampong!

Don't miss out on this incredible opportunity to own a piece of Brunei paradise. Contact us today to schedule a viewing and make your dream a reality! ğŸ“²ğŸ "
Kg. Mulaut,298000,Detached,Freehold,New,NA,0.123,2773.86,5,2,"ğŸ  NEW HOME ALERT! ğŸ 

Escape to serenity in Kg. Mulaut's hidden gem! ğŸ˜Œ

This stunning Detached house is now available for purchase at an unbeatable price of BND 298,000.

Enjoy the perfect blend of modern living and natural beauty in this 5-bedroom, 2-bathroom haven. ğŸ ğŸ’¤

With a spacious floor area of 2773.86 sqft and a picturesque plot size of 0.123 acres, you'll have plenty of room to spread your wings. ğŸŒ³

Plus, enjoy the freedom of owning a Freehold property in this sought-after kampong! ğŸ™Œ

Don't miss out on this incredible opportunity. Contact us today to schedule a viewing and make Kg. Mulaut your home sweet home! ğŸ“²"
Kg. Mata-Mata,280000,Terrace,Freehold,Proposed,2,0.0843,2300,4,3,"ğŸ ğŸŒ´ **Dream Home in Kg. Mata-Mata! ğŸŒ´ğŸ **

Are you ready to find your perfect retreat? Look no further! We have an incredible 4-bedroom, 3-bathroom Terrace property for sale in Kg. Mata-Mata!

This stunning house boasts a spacious floor area of 2300 sqft, set amidst a beautiful plot area of 0.0843 acres. The perfect blend of modern amenities and traditional charm, this property is sure to capture your heart.

With its proposed freehold tenure and affordable price tag of BND 280,000, this house is an unbeatable value for anyone looking to own their dream home in Brunei.

Don't miss out on this fantastic opportunity! Contact us today to schedule a viewing. ğŸ“²ğŸ‘‰ [Your Contact Info]"
Kg. Kapok,335000,Detached,Freehold,Under Construction,NA,0.196,2540,4,3,"""Escape to your dream home in Kg. Kapok!

ğŸ  Experience the ultimate in luxury living with this stunning 4-bedroom, 3-bathroom detached house, perfectly priced at BND $335,000.

Enjoy a spacious floor area of 2,540 sqft on a picturesque plot area of 0.196 acres, perfect for those seeking a serene retreat from the hustle and bustle of city life.

Currently under construction and available for immediate move-in, this property offers the perfect blend of modern amenities and traditional charm.

Don't miss out on this incredible opportunity to own a piece of paradise in Kg. Kapok! Contact us today to schedule a viewing and make your dream home a reality!"""
Kg. Gadong,390000,Detached,NA,Under Construction,NA,0.123,2790,5,5,"ğŸŒ´ ğŸ  Exciting Opportunity in Kg. Gadong! ğŸš¨

Are you ready to own a piece of paradise? We have an incredible investment opportunity in Kg. Gadong, Brunei!

This stunning 5-bedroom, 5-bathroom detached house is now available for purchase at an unbeatable price of BND 390,000. With a total floor area of 2790 sqft and a plot area of 0.123 acres, this property offers the perfect blend of luxury and space.

Currently under construction, this project promises to deliver top-notch amenities and services that will elevate your living experience to new heights. Don't miss out on this chance to own a piece of Brunei's premier residential development!

Contact us today to schedule a viewing and make this dream a reality! ğŸ“² 0123456789"
Lambak,310000,Semi-Detached,Freehold,New,2,0.1,2800,4,3,"ğŸ ğŸ’• **Lambak's Serene Oasis!**

Escape to a tranquil haven in this stunning Semi-Detached home, perfectly nestled in the heart of Kampong Lambak!

With 4 spacious bedrooms and 3 modern bathrooms, this 2800 sqft abode offers ample space for relaxation and entertainment.

Indulge in the comfort of freehold tenure, where you can own your dream home without any restrictions. Plus, enjoy the convenience of a plot area of 0.1 acres and floor area of 2800 square feet!

Located in a new development, this property boasts modern amenities and modern living. Don't miss out on this incredible opportunity to own your Lambak haven! ğŸ’–

**Price:** BND 310,000
**Status:** New
**Tenure:** Freehold"
Kg. Jangsak,195000,Terrace,NA,New,NA,0.048,2099,4,3,"ğŸ  ğŸŒ´ Beautiful Terrace Home for Sale in Kg. Jangsak!

ğŸŒ³ Enjoy a tranquil living experience in this stunning 4-bedroom, 3-bathroom house located in the heart of Kg. Jangsak! ğŸ˜Š

This beautiful property boasts an impressive floor area of 2099 sqft and a lush plot area of 0.048 acres, providing ample space for you to relax and unwind.

Don't miss out on this amazing opportunity to own a piece of paradise at an unbeatable price of BND 195000!

NA tenure means no worries about paying rent, and the property is currently in the new category, so you can start fresh and make your home your own.

Ready to find your dream home? Contact me today to schedule a viewing! ğŸ“²"
Kg. Tanah Jambu,250000,Detached,Leasehold,Under Construction,NA,0.093,2002,4,3,"ğŸ ğŸ’• **Dream Home in Kg. Tanah Jambu - Coming Soon!** ğŸŒ³

Are you ready to find your perfect haven? Look no further! We have an amazing opportunity for you in Kg. Tanah Jambu, a prime location in Brunei.

This beautiful 4-bedroom, 3-bathroom detached house is part of a leasehold development, offering the perfect balance between comfort and affordability.

Plot area: 0.093 acres
Floor area: 2002 square feet

Currently under construction, this stunning home features:

âœ¨ Spacious living areas for ultimate relaxation
âœ¨ Four bedrooms with plenty of natural light
âœ¨ Three modern bathrooms for added convenience
âœ¨ A serene outdoor space to unwind and enjoy the surroundings

Don't miss out on this incredible chance to own a piece of paradise. Contact us today to schedule a viewing and make your dream home a reality! ğŸ’¬

**Price: BND 250,000**"
Kg. Tanjong Bunut,268000,Terrace,NA,New,NA,0.041,2284,4,3,"ğŸ ğŸŒ´ NEW LIFESTYLE AWAITS! ğŸŒ´ğŸ 

Are you ready to find your dream home in the beautiful Kampong Kg. Tanjong Bunut? ğŸ¤” Look no further! This stunning Terrace house is now available for sale at an unbeatable price of BND 268,000.

Located on a 0.041-hectare plot area, this spacious property boasts a floor area of 2,284 square feet and features 4 bedrooms and 3 bathrooms.

Enjoy the perfect blend of comfort and convenience in this newly built property with a tenure that's still in its early stages. The house is situated in a prime location, making it an ideal choice for those looking to relocate or invest in Brunei's thriving real estate market.

Don't miss out on this incredible opportunity to own a piece of paradise! Contact us today to schedule a viewing and make your dream come true. ğŸ“²ğŸ‘‰  [Your Phone Number]"
Kg. Tanah Jambu,268000,Terrace,Freehold,Under Construction,NA,0.056,2900,5,5,"ğŸ ğŸ’¤ Exciting Opportunity in Kg. Tanah Jambu! ğŸŒ´

Are you looking for a fantastic deal on a FREEHOLD property? Look no further! We have an Under Construction house available in Kg. Tanah Jambu, priced at BND 268000.

This beautiful home boasts:

ğŸ  5 bedrooms and 5 bathrooms
ğŸŒ¿ 0.056 square meters of plot area
ğŸ—ï¸ 2900 square feet of floor area

Don't miss out on this incredible chance to own a piece of paradise! Contact us for more information and schedule a viewing today! ğŸ“²"
Kg. Kilanas,300000,Detached,Freehold,New,NA,0.081,2200,4,3,"ğŸ ğŸ’• NEW HOME ALERT! ğŸŒ³

Are you looking for a beautiful home in a prime location? Look no further! We have an amazing detached property for sale in Kg. Kilanas, Brunei.

This stunning 4-bedroom and 3-bathroom freehold home boasts over 2200 sq. ft. of floor area and sits on a lush plot of 0.081 acres. Perfect for a growing family or those who love outdoor living, this property is surrounded by trees and nature.

The best part? It's priced to sell at just BND 3e+05! Don't miss out on this incredible opportunity to own your dream home in Brunei.

Contact us today to schedule a viewing! ğŸ“²ğŸ’¬"
Kg. Subok Kota Batu,240000,Semi-Detached,NA,Proposed,2,0.089,2310,4,4,"ğŸŒ´âœ¨ NEW LISTING ALERT! âœ¨ğŸŒ´

**Kg. Subok Kota Batu - The Perfect Blend of Comfort and Convenience!**

 ğŸ  Price: BND 240,000
 ğŸ“ Location: Kg. Subok Kota Batu, Brunei

Imagine coming home to a serene and peaceful abode, surrounded by lush greenery and the soothing sounds of nature. This beautiful semi-detached house in Kg. Subok Kota Batu is the epitome of comfort and convenience.

 ğŸ”µ 4 spacious bedrooms and 4 modern bathrooms, perfect for family living or for those who value their alone time.
 ğŸ’§ Enjoy a total floor area of 2,310 square feet, with a generous plot area of 0.089 acres, giving you ample space to grow your own herbs or simply enjoy the outdoors.
 ğŸƒâ€â™€ï¸ Easy access to nearby amenities and services, making it an ideal location for those who want to be close to nature yet still connected to the hustle and bustle of city life.

Don't miss out on this incredible opportunity to own a piece of paradise in Kg. Subok Kota Batu! Contact us today to schedule a viewing. ğŸ“²  [Your Phone Number]

**Tenure:** N/A
**Status:** Proposed
**Price:** BND 240,000"
Kg. Kulapis,238000,Detached,Leasehold,New,NA,0.121,2028,4,3,"""Spacious Detached Home for Sale in Kg. Kulapis!

ğŸ ğŸ’• Looking for a comfortable place to call home? This 4-bedroom, 3-bathroom detached house is now available for sale! With a generous plot area of 0.121 acres, you'll have plenty of space to relax and enjoy the outdoors.

ğŸ‘ Leasehold property with a price tag of BND $238,000

ğŸš¿ New development in a convenient location
ğŸ’§ Modern floor area of 2028 sq ft
ğŸ›ï¸ Perfect for a growing family or individual looking for a peaceful retreat

Don't miss out on this incredible opportunity! Contact us today to schedule a viewing and make this house your dream home. ğŸ“²"""
Kg. Bebatik,185000,NA,Freehold,New,NA,0.047,1884,3,3,"ğŸ ğŸŒ´ NEW LISTING! ğŸŒ´ğŸ 

**Kg. Bebatik's Hidden Gem!**

Escape to a tranquil oasis in the heart of [Location] with this stunning FREEHOLD property!

**Key Features:**

âœ¨ 3 spacious bedrooms for the ultimate family retreat
âœ¨ 3 sleek bathrooms for comfort and convenience
âœ¨ 1884 sqft of floor area perfect for entertaining or relaxation
âœ¨ 0.047 acres of plot area, ideal for a private getaway
âœ¨ NEW property with unbeatable value!

**Additional Details:**

- Price: BND 185,000

Don't miss out on this incredible opportunity to own a piece of paradise! Contact us today to schedule a viewing. ğŸ“²ğŸ‘‰ [Your Phone Number]"
Kg. Jerudong,350000,Detached,Freehold,New,3,0.186,3036,5,4,"ğŸ âœ¨ Stunning Detached Home for Sale in Kg. Jerudong! ğŸŒ´

Are you looking for a spacious and luxurious home in the heart of Kg. Jerudong? Look no further! We have an incredible 5-bedroom, 4-bathroom detached house for sale, priced at BND 350,000.

This beautiful freehold property boasts a stunning plot area of 0.186 acres and an impressive floor area of 3036 square meters. With its modern design and sleek features, this home is perfect for families or individuals seeking a comfortable living space.

Enjoy the freedom to own your dream home in Kg. Jerudong! Contact us today to schedule a viewing and make this incredible property yours! ğŸ“²ğŸ’¬"
Lambak,235000,Semi-Detached,Freehold,Proposed,2,0.08,2100,4,4,"ğŸŒ´ ğŸ’š LUXURY LIVING IN THE HEART OF BRUNEI! ğŸ ğŸ’–

Experience the epitome of comfort and style in this stunning Semi-Detached property located in a highly sought-after kampong!

**Price: BND235,000**

Enjoy a spacious floor area of 2,100 sqft amidst lush surroundings. This beautiful home features:

âœ¨ 4 luxurious bedrooms with ample storage
âœ¨ 4 modern bathrooms for ultimate relaxation
âœ¨ A perfect plot size of 0.08 acres, ideal for a peaceful retreat
âœ¨ Freehold tenure for long-term investment opportunities

Don't miss out on this incredible opportunity to own a piece of paradise in Brunei! Contact us today to schedule a viewing and make this property yours!

ğŸ“² Call/WhatsApp: [insert contact number]
ğŸ“§ Email: [insert email]

Hurry! Don't let this amazing deal slip away! ğŸš¨"
Kg. Kilanas,300000,Detached,Freehold,New,NA,0.081,2200,4,3,"ğŸŒ´ Luxurious Detached Home for Sale in Kg. Kilanas! ğŸ 

Escape to a tranquil lifestyle in this stunning detached property located in the heart of Kg. Kilanas. Enjoy 4 spacious bedrooms, perfect for growing families or individuals seeking serenity.

With over 2,200 sqft of floor area, this beautiful home offers ample space for entertaining and relaxing. The lush plot area provides a serene backdrop to your daily life.

Other notable features include:

â€¢ Freehold tenure for long-term investment
â€¢ New property with recent renovation
â€¢ Conveniently located in a peaceful kampong setting

Priced at 3,000,000 BND, this is an unbeatable opportunity to own your dream home. Contact us today to schedule a viewing! ğŸ“²"
Kg. Kilanas,325000,Detached,NA,Under Construction,1,0.327,1764,3,2,"ğŸ ğŸ’¨ NEW LUXURY DETACHED HOME ALERT! ğŸŒ´

Are you ready to upgrade your Brunei lifestyle? Look no further! We have an incredible 3-bedroom, 2-bathroom detached home for sale in Kg. Kilanas!

This stunning property boasts a spacious floor area of 1,764 sqft and sits on a beautiful plot area of 0.327 acres. Perfect for those who want to live in the lap of luxury without breaking the bank.

ğŸš— **Price:** BND 325,000

**Available Features:**

- 3 spacious bedrooms
- 2 modern bathrooms
- Under construction status (don't worry, you'll be one of the first to enjoy it!)
- Perfect for a growing family or investor looking for a top-notch property

Don't miss out on this amazing opportunity! Contact us today to schedule a viewing and make Kg. Kilanas your dream home. ğŸ’•"
Kg. Mulaut,298000,Detached,NA,Under Construction,NA,0.21,2733,4,4,"ğŸ ğŸŒ´ ""Spacious Detached Home for Sale! ğŸš¨""

Escape to a serene living experience in Kg. Mulaut, Brunei!

* 4 spacious bedrooms and 4 sleek bathrooms
* Floor area of 2733 sqft, perfect for relaxation and entertainment!
* Land area of 0.21 acres, offering a tranquil retreat from the city bustle
* Currently under construction, this beautiful home is waiting for its new owner!
* Asking price: BND298,000 - A steal for all you get!

Don't miss out on this fantastic opportunity! Contact us today to schedule a viewing and make Kg. Mulaut your dream home! ğŸ“²ğŸ’¬"
Kg. Tagap,330000,Detached,Leasehold,Under Construction,NA,0.155,3131,4,5,"ğŸ ğŸŒ´ ""Escape to Serenity"" in Kg. Tagap!

Are you ready to find your dream home? Look no further! We present to you a stunning detached property in Kg. Tagap, waiting for its next owner.

This beautiful 4-bedroom, 5-bathroom house is perfect for those who want space and comfort without breaking the bank. With a plot area of 0.155 acres and floor area of 3131 sqft, this house has it all!

Currently under construction, this leasehold property is ready to be completed soon. Don't miss out on this amazing opportunity! Contact us today to schedule a viewing.

Price: BND 330,000

Status: Under Construction"
Kg. Katimahar,180000,NA,NA,New,NA,0.048,2000,4,3,"""ğŸŒ´ Escape to serenity in Kg. Katimahar!

Discover your dream home in this stunning new property! ğŸ 

Price: BND 180,000

This beautiful property boasts:

âœ¨ 2000 sqft of living space
âœ¨ 3 spacious bedrooms and 2 bathrooms
âœ¨ Plenty of natural light and airy feel
âœ¨ Perfect for a growing family or first-time buyer

Don't miss out on this incredible opportunity to own your dream home! Contact us today to schedule a viewing. ğŸ“²"""
Kg. Mentiri,315000,Detached,Freehold,Under Construction,NA,0.093,2755,5,5,"ğŸ ğŸ’° EXCITING NEW DEVELOPMENT ALERT! ğŸŒ³

Join us in Kg. Mentiri, Brunei's premier residential area, as we bring you an exclusive opportunity to own a stunning piece of property!

This beautiful 5-bedroom, 5-bathroom detached home is now available for sale at the unbeatable price of BND 315,000.

Enjoy the freedom and security of owning your dream home on a FREEHOLD tenure. With a spacious floor area of 2755 sqft and a plot area of 0.093 acres, this property offers ample space to live, relax, and grow.

Under construction now, this property is set to become the crown jewel of Kg. Mentiri's residential landscape. Don't miss out on this incredible chance to be one of the first to call this stunning home yours!

Contact us today to schedule a viewing and make your dream a reality! ğŸ“²ğŸ’¬"
Kg. Junjongan,189000,Detached,NA,Proposed,1,0.163,1722,3,2,"ğŸ ğŸ’¨ Exciting Opportunity in Kg. Junjongan!

Are you looking for a beautiful new home in a prime location? Look no further! We have an amazing 3 bedroom, 2 bathroom detached property for sale in Kg. Junjongan.

This stunning property boasts a spacious floor area of 1722 square feet, surrounded by a large plot area of 0.163 acres. Enjoy the tranquil surroundings and serene living experience.

Located in a growing Kampong, this property offers great potential for investment or personal use. With its proposed status, you can be one of the first to own this fantastic home.

Don't miss out on this incredible opportunity! Contact us today to schedule a viewing and make Kg. Junjongan your dream home. ğŸ’¬"
Kg. Tanjong Bunut,350000,Detached,Freehold,New,NA,0.111,2650,4,4,"ğŸ ğŸ’¤ ""Escape to Serenity in Kg. Tanjong Bunut""

ğŸŒ³ Discover a tranquil oasis in this beautiful 4-bedroom, 4-bathroom detached house! ğŸŒ´

Located in the heart of Kg. Tanjong Bunut, this stunning Freehold property boasts a spacious floor area of 2650 sqft and a picturesque plot area of 0.111 acres.

Experience the perfect blend of comfort and convenience with its modern amenities and prime location. Enjoy the tranquil surroundings and unwind in style!

Price: BND 350,000

ğŸ“² Contact us for more information and to schedule a viewing today! ğŸ“²"
Kg. Mata-Mata,238000,Terrace,NA,NA,2,0.05,2500,3,2,"ğŸ ğŸ’š NEW LISTING ALERT! ğŸ‰

**Kg. Mata-Mata's Hidden Gem**

Escape to this charming 2-storey home in Kg. Mata-Mata, waiting for its new owners to make it their dream haven!

**Key Features:**

âœ¨ Spacious floor area of 2500 sqft
âœ¨ 3 bedrooms and 2 bathrooms for a perfect family setup
âœ¨ Cozy plot area of 0.05 acres
âœ¨ Perfectly priced at BND 238,000

Don't miss out on this fantastic opportunity to own a piece of paradise in Kg. Mata-Mata! Contact us today to schedule a viewing. ğŸ“²ğŸ’¬"
Kg. Jangsak,238000,Detached,Freehold,Under Construction,NA,0.063,2201,4,3,"ğŸ ğŸ’• Exciting News! ğŸš¨

Are you ready for your dream home? Look no further! ğŸ’¥ We have an amazing opportunity to buy a stunning 4-bedroom, 3-bathroom detached house in Kg. Jangsak, Brunei!

This beautiful freehold property is currently under construction and offers a spacious floor area of 2201 sqft. With a plot area of 0.063 acres, you'll have plenty of room to relax and unwind.

As the house is still under construction, this is your chance to be one of the first owners in Kg. Jangsak! Don't miss out on this incredible deal!

Price: BND 238,000

Don't wait - contact us today to make your dream a reality! ğŸ“²ğŸ "
Kg. Pasai,230000,Detached,NA,New,NA,0.074,2126,4,3,"ğŸ ğŸŒ´ **Dream Home in Kg. Pasai!** ğŸŒ´ğŸ 

Are you looking for your perfect haven in Brunei? Look no further! This stunning detached property is now available for sale in Kg. Pasai.

ğŸ’° Price: BND 230,000
Located on a beautiful plot area of approximately 0.074 acres, this 4-bedroom, 3-bathroom home offers ample space to live comfortably.

Features include:

âœ¨ 2126 sqft floor area perfect for entertaining and relaxation
âœ¨ Spacious 3 bedrooms with 2 bathrooms to meet your family's needs
âœ¨ Beautiful tenure status (newly built) - a rare find in Brunei!

Don't miss out on this incredible opportunity to own your dream home. Contact us today to schedule a viewing! ğŸ“²ğŸ‘‰"
Kg. Jerudong,388000,Detached,Freehold,New,2,0.1158,2800,4,3,"ğŸ ğŸŒ´ NEW HOME ALERT! ğŸŒ´ğŸ 

Are you looking for a stunning detached property in the heart of Kg. Jerudong? Look no further! This beautiful house is now available for sale at an unbeatable price of BND 388,000!

With its spacious floor area of 2,800 sqft and 0.1158 ha plot size, this home offers ample space for you to live and entertain. Enjoy 4 comfortable bedrooms and 3 modern bathrooms, perfect for a family or individual looking for a peaceful retreat.

This freehold property boasts a modern design with all the necessary amenities, making it an ideal choice for those seeking a hassle-free lifestyle. Don't miss out on this incredible opportunity to own your dream home in Kg. Jerudong!

Contact us now to schedule a viewing and make this house yours! ğŸ“²ğŸ "
Kg. Tanah Jambu,295000,Detached,Freehold,New,NA,0.025,2700,4,4,"ğŸŒ´ Luxurious Detached Home for Sale in Kg. Tanah Jambu!

Escape to serenity in this stunning detached home, perfectly priced at BND295,000! ğŸ 

Enjoy 2700 sq ft of spacious floor area, perfect for relaxation and entertainment. With a plot area of 0.025 acres, you'll have ample space to unwind and enjoy the outdoors.

This beautiful home boasts:

ğŸ›‹ï¸ 4 spacious bedrooms
ğŸš¿ 4 modern bathrooms
ğŸŒ³ 0.025 acres of private plot

Don't miss out on this incredible opportunity! Contact us today to schedule a viewing ğŸ“²ğŸ’¬"
Kg. Junjongan,168000,Detached,Freehold,Under Construction,2,0.1342,1584,3,3,"ğŸ ï¸ HOME FOR SALE!

Are you ready to own a piece of paradise in Kg. Junjongan? ğŸŒ´ Look no further! We have an incredible opportunity for you to make your dream home a reality.

This stunning 3 bedroom, 3 bathroom detached house is currently under construction and is expected to be completed soon. Enjoy the comfort and luxury of this beautiful home, featuring:

âœ¨ 1584 square feet of floor area
âœ¨ 1342 square meters of plot area
âœ¨ Perfect for family living or investment

Don't miss out on this amazing deal! With a price tag of BND 168,000, you'll be getting an unbeatable value in the heart of Kg. Junjongan.

Contact us today to schedule a viewing and make your mark on this beautiful property! ğŸ“²"
Kg. Rimba,275000,Detached,NA,Proposed,2,0.15,2500,4,4,"ğŸŒ´ Beautiful Detached Home in Kg. Rimba! ğŸ 

Escape to a tranquil oasis in this stunning detached property located in the heart of Kg. Rimba, Brunei! Enjoy breathtaking views of the surrounding landscape while soaking up the warmth and serenity of this beautiful home.

With 4 spacious bedrooms and 4 modern bathrooms, this home is perfect for families or individuals seeking a peaceful retreat. The expansive floor area of 2500 sqft provides ample space to unwind, entertain, or simply enjoy quality time with loved ones.

This 2-storey property boasts a private plot area of 0.15 acres, providing a serene and secluded living experience.

Don't miss out on this incredible opportunity to own a piece of paradise in Kg. Rimba! ğŸŒ´

 Price: BND 275000"
Kg. Panchor Lumapas,228000,Detached,Freehold,Under Construction,2,0.13,1834,4,3,"ğŸ ğŸ’• **Dream Home Alert! ğŸ¤©**

Introducing your future haven in Kg. Panchor Lumapas!

ğŸŒ¿ 0.13 acres of lush greenery on a freehold plot, waiting for you to make it your own!

âœ¨ This beautiful detached property boasts:
1834 sq ft of spacious floor area
4 comfortable bedrooms
3 serene bathrooms

Currently under construction and ready to move in, this house is the perfect blend of modern living and traditional charm.

Don't miss out on this incredible opportunity! ğŸ’¸ Price: BND 228,000. Contact us today to schedule a viewing! ğŸ“²"
Kg. Maraburong,390000,NA,NA,New,NA,0.249,2013,4,4,"ğŸ ğŸ’› Bright Start for Your Dream Home! ğŸŒ

Are you ready to embark on a new chapter in your life? Look no further than this stunning 4-bedroom, 4-bathroom home in Kg. Maraburong!

ğŸ’° Asking Price: BND 390,000

This beautiful property boasts an impressive floor area of 2013 sq ft and is nestled on a spacious plot of 0.249 acres.

ğŸ  New Build with Modern Amenities
Perfect for first-time buyers or families looking to upgrade their living space.
Enjoy the freedom to design your dream home without any existing features to consider!

ğŸŒ³ Location, Location, Location!
Kg. Maraburong is a desirable area that offers easy access to amenities and services.

Don't miss out on this amazing opportunity to own a piece of Brunei's paradise! Contact us today to schedule a viewing! ğŸ“²"
Kg. Jerudong,450000,Detached,NA,Under Construction,NA,0.16,3600,4,5,"ğŸ ğŸ’• ""Your Dream Home in Kg. Jerudong!

Are you looking for a beautiful and spacious home in the heart of Kg. Jerudong? Look no further! This stunning detached house is currently available for sale at BND 450,000.

With 4 spacious bedrooms and 5 modern bathrooms, this home is perfect for families or individuals who want plenty of space to relax and unwind. The floor area of approximately 3600 sqft provides ample room for living, entertaining, and enjoying quality time with loved ones.

The plot area of 0.16 acres offers a serene and private living experience, while the tenure is still under construction - giving you the perfect opportunity to put your own stamp on this beautiful home!

Don't miss out on this amazing deal! Contact us today to schedule a viewing and make this house your dream home!"""
Kg. Tanah Jambu,380000,Detached,Freehold,New,2,0.1065,2970,5,5,"ğŸ ğŸ’• NEW LISTING ALERT! ğŸ’•ğŸ 

Experience the ultimate in comfort and luxury living at Kg. Tanah Jambu!

**Price:** BND 380,000

Enjoy 5 spacious bedrooms and 5 modern bathrooms in this stunning detached property.

Located on a beautiful plot area of approximately 0.1065 acres, this house is perfect for families or individuals seeking a private retreat.

Features:

* Freehold tenure for long-term investment
* New construction with top-notch quality finishes
* Floor area of 2970 square feet, ideal for entertaining and relaxation
* Plots available for your dream garden!

Don't miss out on this incredible opportunity! Contact us to schedule a viewing today! ğŸ“²ğŸ’¬"
Kg. Beribi,279000,Detached,NA,NA,NA,0.065,1800,4,3,"ğŸ âœ¨ï¸ï¸ï¸ï¸ Luxury Detached Home for Sale in Kg. Beribi!

Are you ready to upgrade your lifestyle with a piece of Brunei's finest real estate? Look no further! ğŸ¤©

This stunning detached home boasts 4 spacious bedrooms, perfect for families or individuals seeking serenity and comfort.

With its beautiful floor area of 1800 sqft, this property offers ample space for entertaining, relaxation, and making unforgettable memories. The plot area of 0.065 acres provides a serene retreat from the hustle and bustle of city life.

Asking price: BND279,000

Don't miss out on this incredible opportunity to own a piece of Brunei's best! Contact us today to schedule a viewing! ğŸ“²"
Kg. Jerudong,290000,Detached,NA,Under Construction,NA,0.098,3260,4,4,"ğŸ ğŸ’• New Listings Alert! ğŸ‰

Are you ready to own a piece of paradise in Kg. Jerudong? ğŸ’– We've got an exciting opportunity for you!

Introducing this stunning Detached Home in Kg. Jerudong, priced at BND290,000!

This beautiful property boasts:

ğŸ  4 spacious bedrooms and 4 luxurious bathrooms
ğŸ›ï¸ 3260 square feet of floor area perfect for entertaining and relaxing
ğŸ’š 0.098 acres of plot area - the ultimate retreat from city life
ğŸ—ï¸ Currently under construction - a blank canvas waiting for your personal touch!

Don't miss out on this incredible deal! Contact us today to schedule a viewing and make this dream home a reality! ğŸ“²ğŸ‘‰ [Your Contact Info]"
Kg. Tagap,300000,Semi-Detached,Freehold,New,2,0.0739999999999999,1824,4,4,"ğŸ ğŸ’– **Your Dream Home Awaits! ğŸŒ´**

Are you looking for a beautiful semi-detached home in a peaceful kampong? Look no further! We have an stunning property available for sale at Kg. Tagap, Brunei.

This 2-storeyed semi-detached house boasts a total floor area of 1824 sq ft and is situated on a plot of land spanning 0.074 acres. With 4 spacious bedrooms and 4 modern bathrooms, this home offers ample space for your family to grow and thrive.

As a freehold property, you'll enjoy long-term ownership with no worries about rent or mortgage payments. Plus, with its brand-new status, you can move in with confidence knowing that the property is fresh and ready for you!

So why wait? Don't miss out on this incredible opportunity to own your dream home. Contact us today to schedule a viewing and make this house yours! ğŸ’•"
Kg. Jangsak,275000,Detached,Freehold,New,2,0.1235,2109,2,4,"ğŸŒ´ğŸ’• Brand New Home for Sale in Kg. Jangsak!

ğŸ‰ Are you ready to upgrade your lifestyle? ğŸ¤© We have an amazing opportunity for you! Our brand new home in Kg. Jangsak is now available for sale, and it's a must-see!

This beautiful detached home is nestled on a plot area of 0.1235 acres and boasts a stunning floor area of 2109 square feet. With 4 spacious bedrooms and 3 modern bathrooms, you'll have plenty of room to relax and unwind.

Located in the heart of Kg. Jangsak, this property offers easy access to amenities and services that will make your life easier. ğŸš¶â€â™€ï¸

Key features:

âœ¨ Brand new home with modern finishes
âœ¨ Spacious 4 bedrooms and 3 bathrooms
âœ¨ Plot area of 0.1235 acres for plenty of outdoor space
âœ¨ Floor area of 2109 square feet for a comfortable living space
âœ¨ Detached home with private entrance

Don't miss out on this incredible opportunity! Contact us today to schedule a viewing.

Price: BND 275,000"
Kg. Tanah Jambu,400000,Detached,Freehold,New,NA,0.25,1500,4,3,"ğŸ ğŸ’• Beautiful Detached Home for Sale in Kg. Tanah Jambu!

Are you looking for a stunning freehold home with plenty of space to spread your wings? Look no further! This delightful detached house is the perfect blend of comfort, luxury, and Brunei charm.

With 3 spacious bedrooms and 2 modern bathrooms, this home is ideal for families or individuals seeking a tranquil retreat. The floor area of 1500 sqft provides ample room for relaxation, entertainment, and hobbies.

Located in the heart of Kg. Tanah Jambu, this property boasts easy access to local amenities, schools, and shopping centers. Enjoy the serene atmosphere and natural surroundings, making it an ideal choice for those seeking a peaceful lifestyle.

Don't miss out on this amazing opportunity to own your dream home! Contact us today to schedule a viewing!

Price: 4e+05 BND

Status: New"
Kg. Lumut,259000,Detached,Freehold,Resale,2,0.15,2200,4,3,"ğŸ ğŸ’• **Paradise Found in Kg. Lumut! ğŸŒ´**

Are you ready to call home in this stunning detached property? Located in the heart of Kg. Lumut, this beautiful freehold house is waiting for its next loving owner!

âœ¨ 4 spacious bedrooms and 3 modern bathrooms, perfect for growing families or roommates
ğŸ¡ Floor area of 2200 sqft, providing ample space for relaxation and entertainment
ğŸ’§ Plot area of 0.15 acres, offering a tranquil retreat from the hustle and bustle of daily life

**Key Highlights:**

- Resale property with a price tag of BND 259,000
- Freehold tenure for long-term ownership
- Perfect for those looking for a peaceful retreat in Kg. Lumut

Don't miss out on this incredible opportunity to own your dream home! Contact us today to schedule a viewing! ğŸ“²ğŸ‘‰ [Your Phone Number]"
Kg. Tanah Jambu,255000,Semi-Detached,Freehold,New,NA,0.15,2300,4,3,"ğŸ ğŸ‘ **Stunning Semi-Detached Home in Kg. Tanah Jambu! ğŸŒ´**

Are you looking for a beautiful home in a prime location? Look no further! This semi-detached house in Kg. Tanah Jambu is the perfect choice.

**Key Features:**

ğŸ’• 4 spacious bedrooms and 3 modern bathrooms
ğŸ›ï¸ Perfectly designed to provide ample space for relaxation and entertainment
ğŸŒ¿ Situated on a beautiful plot area of 0.15 acres
ğŸ’¸ Available for BND 255,000

Don't miss out on this amazing opportunity! Contact us today to schedule a viewing ğŸ“²ğŸ‘‰ [Your Phone Number]"
Kg. Masin,168000,Semi-Detached,Freehold,Proposed,2,0.0879999999999999,1574,3,5,"ğŸ  **Your Dream Home Awaits! ğŸŒ´**

**Kg. Masin's Hidden Gem: 3 Bed, 5 Bath Semi-Detached Haven for Sale!**

Experience the perfect blend of comfort and convenience in this stunning semi-detached property located in Kg. Masin, Brunei!

ğŸ  Spacious floor area of 1,574 sqft
ğŸŒ¿ Private plot area of 0.088 acres
ğŸšª Freehold tenure, so you own it all!
ğŸ’¸ Asking price: BND 168,000

This beautiful home features:
3 spacious bedrooms and 5 modern bathrooms
Open-plan living areas perfect for socializing or relaxing
Perfectly sized kitchen for cooking up a storm!

Don't miss out on this incredible opportunity to own your dream home! Contact us today to schedule a viewing! ğŸ“²"
Kg. Jangsak,255000,Semi-Detached,Freehold,NA,2,0.06,2383,4,3,"ğŸŒ´ğŸ  HOME OF YOUR DREAMS! ğŸ ğŸŒ´

Are you ready to fall in love with your dream home? Look no further! We have an incredible opportunity for you to own a beautiful Kg. Jangsak property that will make your heart skip a beat.

This stunning Semi-Detached house is nestled in a prime location and offers the perfect blend of comfort, style, and functionality. With 4 spacious bedrooms and 3 modern bathrooms, there's plenty of room for the whole family to spread out and relax.

The property boasts a total floor area of 2383 sqft, making it the perfect size for a growing family or for those who love to entertain. And with its FREEHOLD tenure, you can enjoy long-term ownership without any worries!

Other highlights include:

- A plot area of 0.06 acres - the perfect amount of space to breathe
- A price tag that's hard to beat - BND 255000!
- Tenure: Freehold

Don't miss out on this amazing opportunity! Contact us today to schedule a viewing and make this house your home.

ğŸ“² Call/WhatsApp: [insert number]
ğŸ“§ Email: [insert email]

 Hurry! Don't let this chance slip away!"
Kg. Tanjong Bunut,250000,Terrace,Freehold,Under Construction,NA,0.045,2206,4,3,"ğŸ  Exciting Opportunity in Kg. Tanjong Bunut! ğŸŒ´

Are you looking for a fantastic investment or dream home? Look no further! We have an incredible opportunity to purchase a stunning 4-bedroom, 3-bathroom terrace house in Kg. Tanjong Bunut.

This beautiful property boasts a spacious floor area of 2206 sqft and is situated on a plot of land measuring 0.045 acres. With its freehold tenure, you'll own this property outright and reap the benefits of long-term investment potential.

Currently under construction, this property is sure to impress with its modern design and features. Whether you're looking for a comfortable home or savvy real estate investor, this property has it all!

Don't miss out on this amazing chance to secure your dream home in Kg. Tanjong Bunut. Contact us today to schedule a viewing and make this incredible opportunity yours! ğŸ“² 077-1234567"
Kg. Katok,700000,NA,Freehold,New,NA,0.25,4000,4,4,"ğŸ ğŸ’š **Escape to Your Dream Home in Kg. Katok!**

Looking for a stunning freehold home in a prime location? Look no further! This beautiful property is now available for sale at an unbeatable price of 7,000,000 BND.

Located in the heart of Kg. Katok, this charming house boasts a spacious floor area of 4,000 sqft and a serene plot area of 0.25 acres. Enjoy 4 bedrooms, 4 bathrooms, and plenty of room for entertaining in your private outdoor space.

This fantastic home features:

âœ¨ 4000 sqft of living space
âœ¨ 4 spacious bedrooms with ample closet space
âœ¨ 4 modern bathrooms with sleek fixtures
âœ¨ Private outdoor area perfect for relaxation
âœ¨ Freehold tenure for long-term investment

Don't miss out on this incredible opportunity to own a piece of paradise in Kg. Katok! Contact us today to schedule a viewing and make your dream come true!

Call/Text: [insert contact number]
Email: [insert email]

**Price:** 7,000,000 BND"
Kg. Sengkarai,268000,Detached,Freehold,Under Construction,NA,0.1,2500,4,3,"ğŸ  Exciting Opportunity in Kg. Sengkarai! ğŸŒ³

We have an incredible investment opportunity for you! ğŸ¤‘

This stunning detached house is currently under construction and ready to be your dream home. With a price tag of BND 268,000, it's a steal! ğŸ¤©

Enjoy the comfort of four spacious bedrooms and three bathrooms, perfect for family living or as an ideal retreat for friends and family gatherings.

The plot area of 0.1 acres offers ample space for outdoor activities, such as gardening or barbecues.

Don't miss out on this amazing deal! Contact us today to schedule a viewing. ğŸ“²

Call/Text: [Your Phone Number]
Email: [Your Email]"
Kg. Subok Kota Batu,2300000,NA,Freehold,New,NA,0.149,2000,3,2,"ğŸŒ´ğŸ  Stunning Kg Subok Kota Batu Home for Sale! ğŸ ğŸŒ´

Are you looking for a beautiful and affordable home in Brunei? Look no further! We have an incredible opportunity to purchase this spacious 3 bedroom, 2 bathroom house in Kg Subok Kota Batu.

For just BND 2,300,000, this stunning property offers a total floor area of 2000 sqft and a plot area of 0.149 acres. Enjoy the comfort and peace of mind that comes with owning a freehold property in one of Brunei's most sought-after kampongs.

This fantastic home is perfect for anyone looking to own a piece of paradise without breaking the bank. Don't miss out on this amazing deal! Contact us today to schedule a viewing and make your dreams come true! ğŸ“² 12345678"
Kg. Mentiri,358000,Detached,Freehold,Under Construction,NA,0.133,2850,4,5,"ğŸŒ´ğŸ  Stunning Detached Home in Kg. Mentiri! ğŸ¤©

Are you looking for a spacious and stylish home in the heart of Brunei? Look no further! This beautiful detached house is now available for sale, offering 4 generous bedrooms and 5 modern bathrooms.

With a total floor area of 2850 sqft, this property boasts plenty of space to relax, entertain, or simply enjoy quality time with family. The plot area of 0.133 acres provides ample room for outdoor activities or a small garden.

Currently under construction, this freehold home is the perfect opportunity to own a piece of Bruneian paradise. Don't miss out on this amazing deal! Contact us today to schedule a viewing and make this house your dream home!

Price: BND 358,000

Location: Kg. Mentiri"
Kg. Tanah Jambu,370000,Detached,Freehold,Resale,NA,0.284,2500,5,5,"ğŸ  ğŸŒ´ Dream Home in Kg. Tanah Jambu!

Are you ready to own a piece of paradise? Look no further! ğŸ˜Š We have an incredible opportunity for you - a stunning 5-bedroom, 5-bathroom detached home in the heart of Kg. Tanah Jambu.

This FREEHOLD property boasts a spacious floor area of 2500 sqft, perfect for relaxing and entertaining with family and friends. With its ample plot area, this house is nestled on 0.284 acres of land, providing plenty of room to grow and explore.

As a resale property, this home offers the best of both worlds - a chance to own a piece of history while benefiting from a new beginning. Take advantage of the FREEHOLD tenure and enjoy the peace of mind that comes with it.

Whether you're looking for a cozy retreat or an ideal base for entertaining, this house has it all. So why wait? Contact us today to schedule a viewing and make your dream home a reality! ğŸ“²"
Kg. Lumut,368000,Detached,Freehold,New,2,0.163,2650,4,4,"ğŸŒ´ ğŸ  **LUXURY LIVING IN KG. LUMUT!** ğŸ  ğŸŒ´

Escape to a serene paradise in this stunning 4-bedroom, 4-bathroom detached freehold property in Kg. Lumut!

Enjoy an unbeatable price of BND 368,000 for your dream home.

Plot Area: 0.163 acres
Floor Area: 2650 square feet

Experience the perfect blend of space and serenity in this beautiful property. Perfect for families or individuals seeking a peaceful retreat from the hustle and bustle of city life.

Don't miss out on this incredible opportunity to own a piece of Brunei's hidden gem! Contact us today to schedule a viewing. ğŸ“² 0123456789"
Kg. Panchor Lumapas,220000,Detached,Freehold,Proposed,2,0.118,1805,4,3,"ğŸ ğŸ’• **Spacious Detached Home for Sale!** ğŸ’•ğŸ 

Are you looking for a dream home in Brunei? ğŸ¤” Look no further! This beautiful detached property in Kg. Panchor Lumapas is waiting for its next owner.

This 4-bedroom, 3-bathroom freehold home features a spacious floor area of 1805 sqft and a plot area of 0.118 acres. Perfect for families or individuals looking for plenty of space to spread out.

Currently under proposed tenure, this property offers endless possibilities for the future. Don't miss out on this amazing opportunity!

**Price:** BND 220,000

Contact me today to schedule a viewing and make this house your home! ğŸ“²ğŸ‘‰ [Your Contact Info]"
Kg. Kulapis,160000,Semi-Detached,Freehold,Proposed,2,0.08,1161,3,2,"ğŸŒ´ Stunning Semi-Detached Haven for Sale in Kg. Kulapis! ğŸ 

Looking for a beautiful spot to call home? Look no further than this stunning semi-detached house in Kg. Kulapis! With a price tag of BND 160,000, this property is an absolute steal.

This 2-story haven boasts a spacious floor area of 1,161 sqft and comes with 3 comfortable bedrooms and 2 modern bathrooms. The plot area of just 0.08 acres offers ample space for outdoor entertaining or simply enjoying the fresh air.

As a Freehold property, you can rest assured that this investment will appreciate over time. Plus, with its Proposed status, you can make your mark on this beautiful home without any worrying about existing owners!

Don't miss out on this fantastic opportunity to own a piece of paradise in Kg. Kulapis! Contact us today to schedule a viewing. ğŸ“²"
Kg. Sungai Tilong,460000,Detached,NA,Under Construction,NA,0.124,3713,5,5,"ğŸŒ´ Luxurious Home for Sale in Kg. Sungai Tilong!

Exciting opportunity to own a stunning detached property in the heart of Kg. Sungai Tilong! ğŸ¤©

This 5-bedroom, 5-bathroom residence boasts an impressive floor area of 3713 square feet and is situated on a beautiful plot area of 0.124 acres.

Perfect for those looking for a comfortable and spacious living space, this property offers ample room for relaxation and entertainment. The perfect blend of modern convenience and natural charm! ğŸŒ¿

Don't miss out on this incredible deal! Contact us today to schedule a viewing and make Kg. Sungai Tilong your dream home. ğŸ“"
Kg. Menglait,389000,Detached,NA,NA,NA,0.075,2573,5,3,"ğŸŒ´ ğŸ  Stunning Detached Home for Sale in Kg. Menglait!

Are you looking for a peaceful retreat from the city hustle and bustle? Look no further! This charming detached home in Kg. Menglait is waiting to be yours.

With 5 spacious bedrooms and 3 modern bathrooms, this property offers ample space for family or friends to live comfortably. The floor area of 2573 square feet provides a perfect blend of functionality and relaxation.

The plot area of 0.075 acres offers a serene and private outdoor space, perfect for gardening or simply enjoying the fresh air.

Located in the heart of Kg. Menglait, this property is just waiting to be turned into your dream home.

Price: BND 389,000

Don't miss out on this amazing opportunity! Contact us today to schedule a viewing. ğŸ“²ğŸ "
Kg. Kasat,178000,Semi-Detached,NA,Under Construction,NA,0.098,1500,4,2,"ğŸ ğŸŒ´ Exciting Opportunity in Kg. Kasat! ğŸŒ´ğŸ 

Are you looking for a great deal on a beautiful plot of land? Look no further! We have an amazing opportunity available in Kg. Kasat, perfect for those who want to build their dream home.

This Semi-Detached property is currently under construction and offers a spacious floor area of 1500 sqft. With a total plot area of 0.098 acres, you'll have plenty of room to grow and expand your lifestyle.

Features:

âœ¨ 4 bedrooms for the whole family
âœ¨ 2 bathrooms for comfort and convenience
âœ¨ Plenty of space for outdoor activities or entertainment

Price: BND 178,000

Don't miss out on this amazing chance to own a piece of Kg. Kasat! Contact us today to schedule a viewing! ğŸ“²"
Kg. Mata-Mata,250000,Detached,NA,NA,NA,0.061,2047,4,3,"ğŸŒ³ğŸ  FOR SALE! ğŸ ğŸŒ³

Experience the beauty of Kg. Mata-Mata with this stunning detached property!

Price: BND 250,000

Enjoy 4 spacious bedrooms and 3 bathrooms in this comfortable home.

The plot area is approximately 0.061 acres, providing ample space for outdoor living.

The floor area measures 2047 square meters, perfect for entertaining or relaxing.

This property boasts a serene atmosphere and is available for immediate purchase.

Don't miss out on this incredible opportunity to own a piece of paradise in Kg. Mata-Mata!

Contact us today to schedule a viewing! ğŸ“²ğŸ‘‰"
Kg. Tanjong Bunut,298000,Terrace,NA,Under Construction,NA,0.056,2610,4,4,"ğŸ ğŸŒ´ Exciting New Development in Kg. Tanjong Bunut! ğŸŒ´ğŸ 

Are you looking for a beautiful and affordable home? Look no further! We have an amazing opportunity to own a stunning 4-bedroom, 4-bathroom terrace house located in the heart of Kg. Tanjong Bunut.

This beautiful property features a spacious floor area of 2610 sqft, nestled on a plot area of 0.056 acres. With a price tag of BND298,000, this is an unbeatable deal for first-time buyers or investors looking to get into the Brunei market.

The property is currently under construction and has not yet been completed. However, we are expecting it to be finished soon, so don't miss out on this incredible chance to own a piece of paradise.

Don't wait any longer! Contact us today to schedule a viewing and make this amazing opportunity yours! ğŸ“² 555-1234"
Kg. Tanah Jambu,199000,Terrace,NA,Under Construction,NA,0.033,1905,4,3,"ğŸŒ´ğŸ  Exciting Opportunity in Kg. Tanah Jambu!

Are you ready to own a piece of Brunei? ğŸ¤© We have an amazing opportunity for you! This stunning 4-bedroom, 3-bathroom home is available for sale in Kg. Tanah Jambu.

With a spacious floor area of 1905 sqft, this property offers ample room for living and entertaining. The current asking price is BND 199,000, making it an affordable option for first-time buyers or investors looking to expand their portfolio.

Features:

- 4 bedrooms
- 3 bathrooms
- Floor area: 1905 sqft
- Plot area: 0.033 acres
- Currently under construction

Don't miss out on this fantastic chance to own a beautiful home in Brunei! Contact us today to schedule a viewing and make your dream come true! ğŸ’•"
Kg. Tagap,438000,Detached,NA,Under Construction,NA,0.139,3451,4,4,"ğŸŒ´ğŸ  Exciting Opportunity in Kg. Tagap!

Are you looking for a dream home? Look no further! We have an incredible opportunity to purchase a beautiful detached house in Kg. Tagap, ready for its new owner.

This stunning property boasts a spacious floor area of 3451 sqft and comes with 4 bedrooms and 4 bathrooms. The current price is BND 438,000.

Please note that the tenure status is currently under construction, so you'll have plenty of time to make your mark on this beautiful home.

Don't miss out on this amazing chance to own a piece of paradise! Contact us for more information.

ğŸ’° Price: BND 438,000
ğŸ“ Location: Kg. Tagap
ğŸ“² Call/WhatsApp us for viewing and more details!"
